Country,State,Year,"Profit Or Loss Amount (UOM:INR(IndianRupees)), Scaling Factor:100000","Non Performing Assets (Npas) As Percentage Of Loans Outstanding (UOM:%(Percentage)), Scaling Factor:1","Recovery To Demand  (UOM:%(Percentage)), Scaling Factor:1"
India,Andaman and Nicobar Islands,"Financial Year (Apr - Mar), 2023",746,25.8,63.4
India,Andhra Pradesh,"Financial Year (Apr - Mar), 2023",18980,0.5,97.9
India,Arunachal Pradesh,"Financial Year (Apr - Mar), 2023",-2057,39.9,15.8
India,Assam,"Financial Year (Apr - Mar), 2023",1401,9.2,66.1
India,Bihar,"Financial Year (Apr - Mar), 2023",6764,3.1,17.3
India,Chandigarh,"Financial Year (Apr - Mar), 2023",1174,2.4,83.9
India,Chhattisgarh,"Financial Year (Apr - Mar), 2023",3683,2,97.2
India,Delhi,"Financial Year (Apr - Mar), 2023",2123,0.7,98.1
India,Goa,"Financial Year (Apr - Mar), 2023",482,4.2,91.7
India,Gujarat,"Financial Year (Apr - Mar), 2023",10692,0.7,96.1
India,Haryana,"Financial Year (Apr - Mar), 2023",6185,,100
India,Himachal Pradesh,"Financial Year (Apr - Mar), 2023",11876,3.9,71.9
India,Jammu and Kashmir,"Financial Year (Apr - Mar), 2023",-1456.430895,55.5,63
India,Jharkhand,"Financial Year (Apr - Mar), 2023",6669,9.4,55
India,Karnataka,"Financial Year (Apr - Mar), 2023",6500,4.6,97.6
India,Kerala,"Financial Year (Apr - Mar), 2023",24781,11.2,73.3
India,Ladakh,"Financial Year (Apr - Mar), 2023",-32.56910539,55.5,63
India,Madhya Pradesh,"Financial Year (Apr - Mar), 2023",11154,5.1,86
India,Maharashtra,"Financial Year (Apr - Mar), 2023",68688,9.2,73.9
India,Manipur,"Financial Year (Apr - Mar), 2023",401,18.1,64.6
India,Meghalaya,"Financial Year (Apr - Mar), 2023",1670,8,31.4
India,Mizoram,"Financial Year (Apr - Mar), 2023",4246,2.5,84.8
India,Nagaland,"Financial Year (Apr - Mar), 2023",858,14.2,59.7
India,Odisha,"Financial Year (Apr - Mar), 2023",21589,1.1,98.7
India,Puducherry,"Financial Year (Apr - Mar), 2023",60,11.6,71.6
India,Punjab,"Financial Year (Apr - Mar), 2023",3561,0.9,98.4
India,Rajasthan,"Financial Year (Apr - Mar), 2023",7621,0.2,99.8
India,Sikkim,"Financial Year (Apr - Mar), 2023",834,3.5,59.5
India,Tamil Nadu,"Financial Year (Apr - Mar), 2023",12129,2.9,99.4
India,Telangana,"Financial Year (Apr - Mar), 2023",6540,0.1,98.8
India,The Dadra and Nagar Haveli and Daman and Diu,"Financial Year (Apr - Mar), 2023",970,4.4,68.1
India,Tripura,"Financial Year (Apr - Mar), 2023",2795,7.6,93.7
India,Uttar Pradesh,"Financial Year (Apr - Mar), 2023",7287,3.1,98.1
India,Uttarakhand,"Financial Year (Apr - Mar), 2023",1549,4.1,97.6
India,West Bengal,"Financial Year (Apr - Mar), 2023",18682,4.8,89.2
India,Andaman and Nicobar Islands,"Financial Year (Apr - Mar), 2022",608,34.9,67.9
India,Andhra Pradesh,"Financial Year (Apr - Mar), 2022",18265,0.6,99.7
India,Arunachal Pradesh,"Financial Year (Apr - Mar), 2022",-4990,50.1,26.1
India,Assam,"Financial Year (Apr - Mar), 2022",1220,9.6,63.2
India,Bihar,"Financial Year (Apr - Mar), 2022",7616,2.3,64.1
India,Chandigarh,"Financial Year (Apr - Mar), 2022",550,3.3,80.5
India,Chhattisgarh,"Financial Year (Apr - Mar), 2022",3389,1.9,96.4
India,Delhi,"Financial Year (Apr - Mar), 2022",2122,0.9,98
India,Goa,"Financial Year (Apr - Mar), 2022",177,10,80.8
India,Gujarat,"Financial Year (Apr - Mar), 2022",10559,0.8,95.9
India,Haryana,"Financial Year (Apr - Mar), 2022",8852,0.1,100
India,Himachal Pradesh,"Financial Year (Apr - Mar), 2022",15912,7,71.8
India,Jammu and Kashmir,"Financial Year (Apr - Mar), 2022",-971.279972,53,73.6
India,Jharkhand,"Financial Year (Apr - Mar), 2022",3060,11.9,52.7
India,Karnataka,"Financial Year (Apr - Mar), 2022",11000,4.4,97.9
India,Kerala,"Financial Year (Apr - Mar), 2022",3252,12.1,78.4
India,Ladakh,"Financial Year (Apr - Mar), 2022",-21.72002797,53,73.6
India,Madhya Pradesh,"Financial Year (Apr - Mar), 2022",12817,4.3,91.8
India,Maharashtra,"Financial Year (Apr - Mar), 2022",66680,10.7,82.4
India,Manipur,"Financial Year (Apr - Mar), 2022",366,24.1,63.7
India,Meghalaya,"Financial Year (Apr - Mar), 2022",1477,7.6,48.4
India,Mizoram,"Financial Year (Apr - Mar), 2022",3966,2.8,63.1
India,Nagaland,"Financial Year (Apr - Mar), 2022",242,15.9,60.5
India,Odisha,"Financial Year (Apr - Mar), 2022",22914,1,94
India,Puducherry,"Financial Year (Apr - Mar), 2022",1085,13.9,91.5
India,Punjab,"Financial Year (Apr - Mar), 2022",2678,0.9,99.3
India,Rajasthan,"Financial Year (Apr - Mar), 2022",7308,0.2,98.8
India,Sikkim,"Financial Year (Apr - Mar), 2022",504,4,87.8
India,Tamil Nadu,"Financial Year (Apr - Mar), 2022",11478,2.6,99.4
India,Telangana,"Financial Year (Apr - Mar), 2022",8034,0.1,98.7
India,The Dadra and Nagar Haveli and Daman and Diu,"Financial Year (Apr - Mar), 2022",945,2.9,68.1
India,Tripura,"Financial Year (Apr - Mar), 2022",2231,7.2,74.9
India,Uttar Pradesh,"Financial Year (Apr - Mar), 2022",6076,3.9,97.3
India,Uttarakhand,"Financial Year (Apr - Mar), 2022",1336,4.9,96.1
India,West Bengal,"Financial Year (Apr - Mar), 2022",15021,5,89.2
India,Andaman and Nicobar Islands,"Financial Year (Apr - Mar), 2021",281,38.7,58.2
India,Andhra Pradesh,"Financial Year (Apr - Mar), 2021",18557,1.5,99.4
India,Arunachal Pradesh,"Financial Year (Apr - Mar), 2021",-3876,50.8,10.9
India,Assam,"Financial Year (Apr - Mar), 2021",1151,8.4,63.4
India,Bihar,"Financial Year (Apr - Mar), 2021",7797,2.3,65.4
India,Chandigarh,"Financial Year (Apr - Mar), 2021",138,4.3,77.5
India,Chhattisgarh,"Financial Year (Apr - Mar), 2021",3181,2.1,86.2
India,Delhi,"Financial Year (Apr - Mar), 2021",1969,1.3,97.6
India,Goa,"Financial Year (Apr - Mar), 2021",796,11.4,80.9
India,Gujarat,"Financial Year (Apr - Mar), 2021",10517,1,96.8
India,Haryana,"Financial Year (Apr - Mar), 2021",6784,0.1,100
India,Himachal Pradesh,"Financial Year (Apr - Mar), 2021",12162,8.9,57.4
India,Jammu and Kashmir,"Financial Year (Apr - Mar), 2021",-1040.726979,52.5,13.7
India,Jharkhand,"Financial Year (Apr - Mar), 2021",2049,18.5,50.7
India,Karnataka,"Financial Year (Apr - Mar), 2021",9000,3.9,97.9
India,Kerala,"Financial Year (Apr - Mar), 2021",7724,13.3,81.1
India,Ladakh,"Financial Year (Apr - Mar), 2021",-23.27302091,52.5,13.7
India,Madhya Pradesh,"Financial Year (Apr - Mar), 2021",2306,4.7,92.3
India,Maharashtra,"Financial Year (Apr - Mar), 2021",68457,11,83.6
India,Manipur,"Financial Year (Apr - Mar), 2021",459,31.2,50.7
India,Meghalaya,"Financial Year (Apr - Mar), 2021",1328,7.3,24.5
India,Mizoram,"Financial Year (Apr - Mar), 2021",2842,3.5,68.5
India,Nagaland,"Financial Year (Apr - Mar), 2021",775,15.4,58
India,Odisha,"Financial Year (Apr - Mar), 2021",14313,1.1,95.9
India,Puducherry,"Financial Year (Apr - Mar), 2021",-85,15.6,78
India,Punjab,"Financial Year (Apr - Mar), 2021",2951,1,99.3
India,Rajasthan,"Financial Year (Apr - Mar), 2021",7087,0.2,99.3
India,Sikkim,"Financial Year (Apr - Mar), 2021",1335,4,19.6
India,Tamil Nadu,"Financial Year (Apr - Mar), 2021",23131,2.8,99.5
India,Telangana,"Financial Year (Apr - Mar), 2021",7328,0.1,98.3
India,The Dadra and Nagar Haveli and Daman and Diu,"Financial Year (Apr - Mar), 2021",733,5.8,68.1
India,Tripura,"Financial Year (Apr - Mar), 2021",2073,5,74.9
India,Uttar Pradesh,"Financial Year (Apr - Mar), 2021",5070,4.5,88
India,Uttarakhand,"Financial Year (Apr - Mar), 2021",1433,7.3,97.2
India,West Bengal,"Financial Year (Apr - Mar), 2021",10080,4.7,89.5
India,Andaman and Nicobar Islands,"Financial Year (Apr - Mar), 2020",720,39.7,43
India,Andhra Pradesh,"Financial Year (Apr - Mar), 2020",14768,0.9,99.7
India,Arunachal Pradesh,"Financial Year (Apr - Mar), 2020",-2006,48.5,9.1
India,Assam,"Financial Year (Apr - Mar), 2020",1045,7.4,67.8
India,Bihar,"Financial Year (Apr - Mar), 2020",7677,1.9,54.9
India,Chandigarh,"Financial Year (Apr - Mar), 2020",259,6.8,74.5
India,Chhattisgarh,"Financial Year (Apr - Mar), 2020",2712,2.9,83.5
India,Delhi,"Financial Year (Apr - Mar), 2020",2653,1.3,97.7
India,Goa,"Financial Year (Apr - Mar), 2020",1124,11.2,82.9
India,Gujarat,"Financial Year (Apr - Mar), 2020",5441,1.5,96.8
India,Haryana,"Financial Year (Apr - Mar), 2020",6136,0.1,100
India,Himachal Pradesh,"Financial Year (Apr - Mar), 2020",7934,9,38.8
India,Jammu and Kashmir,"Financial Year (Apr - Mar), 2020",-24209.61791,50.1,73.4
India,Jharkhand,"Financial Year (Apr - Mar), 2020",518,38.9,76.2
India,Karnataka,"Financial Year (Apr - Mar), 2020",6000,4.5,95.1
India,Kerala,"Financial Year (Apr - Mar), 2020",6199,14.5,85.6
India,Ladakh,"Financial Year (Apr - Mar), 2020",-541.3820869,50.1,73.4
India,Madhya Pradesh,"Financial Year (Apr - Mar), 2020",7387,5.2,92.1
India,Maharashtra,"Financial Year (Apr - Mar), 2020",36441,11.6,82.1
India,Manipur,"Financial Year (Apr - Mar), 2020",201,35.3,45.4
India,Meghalaya,"Financial Year (Apr - Mar), 2020",1204,7.2,22.1
India,Mizoram,"Financial Year (Apr - Mar), 2020",2032,4.4,60.6
India,Nagaland,"Financial Year (Apr - Mar), 2020",816,14.6,58.4
India,Odisha,"Financial Year (Apr - Mar), 2020",6850,1.3,98.4
India,Puducherry,"Financial Year (Apr - Mar), 2020",567,17.1,85.7
India,Punjab,"Financial Year (Apr - Mar), 2020",2463,1,99.4
India,Rajasthan,"Financial Year (Apr - Mar), 2020",6581,0.2,98.9
India,Sikkim,"Financial Year (Apr - Mar), 2020",764,3.8,17.3
India,Tamil Nadu,"Financial Year (Apr - Mar), 2020",14795,4.1,99.4
India,Telangana,"Financial Year (Apr - Mar), 2020",4634,0.1,98
India,The Dadra and Nagar Haveli and Daman and Diu,"Financial Year (Apr - Mar), 2020",1222,5.9,84.9
India,Tripura,"Financial Year (Apr - Mar), 2020",1967,4.8,95.4
India,Uttar Pradesh,"Financial Year (Apr - Mar), 2020",4547,5.4,85.3
India,Uttarakhand,"Financial Year (Apr - Mar), 2020",1095,7.6,96.9
India,West Bengal,"Financial Year (Apr - Mar), 2020",10184,4.1,91.3
India,Andaman and Nicobar Islands,"Financial Year (Apr - Mar), 2019",367,48.1,38.4
India,Andhra Pradesh,"Financial Year (Apr - Mar), 2019",9991,1.2,99.7
India,Arunachal Pradesh,"Financial Year (Apr - Mar), 2019",-1550,54.2,1.8
India,Assam,"Financial Year (Apr - Mar), 2019",736,6.8,25.9
India,Bihar,"Financial Year (Apr - Mar), 2019",4885,4.9,77.7
India,Chandigarh,"Financial Year (Apr - Mar), 2019",341,6.2,80.7
India,Chhattisgarh,"Financial Year (Apr - Mar), 2019",2576,3,93.9
India,Delhi,"Financial Year (Apr - Mar), 2019",2072,1.4,97
India,Goa,"Financial Year (Apr - Mar), 2019",4442,10.4,85.9
India,Gujarat,"Financial Year (Apr - Mar), 2019",3173,1.3,94.8
India,Haryana,"Financial Year (Apr - Mar), 2019",5150,0.1,100
India,Himachal Pradesh,"Financial Year (Apr - Mar), 2019",5049,8,51.2
India,Jammu and Kashmir,"Financial Year (Apr - Mar), 2019",1456.430895,5.1,79.5
India,Jharkhand,"Financial Year (Apr - Mar), 2019",264,51.6,64.3
India,Karnataka,"Financial Year (Apr - Mar), 2019",5100,3.7,97.2
India,Kerala,"Financial Year (Apr - Mar), 2019",37475,15.3,98.4
India,Ladakh,"Financial Year (Apr - Mar), 2019",32.56910539,5.1,79.5
India,Madhya Pradesh,"Financial Year (Apr - Mar), 2019",12789,5.4,92.9
India,Maharashtra,"Financial Year (Apr - Mar), 2019",32500,10.8,79.3
India,Manipur,"Financial Year (Apr - Mar), 2019",200,29.5,44.7
India,Meghalaya,"Financial Year (Apr - Mar), 2019",1128,7.4,22.1
India,Mizoram,"Financial Year (Apr - Mar), 2019",1262,5.6,67.8
India,Nagaland,"Financial Year (Apr - Mar), 2019",1272,13.7,62
India,Odisha,"Financial Year (Apr - Mar), 2019",8181,1.4,98.3
India,Puducherry,"Financial Year (Apr - Mar), 2019",2343,16.3,87.1
India,Punjab,"Financial Year (Apr - Mar), 2019",2269,1,99.6
India,Rajasthan,"Financial Year (Apr - Mar), 2019",5840,0.2,98.8
India,Sikkim,"Financial Year (Apr - Mar), 2019",1132,4.2,38.9
India,Tamil Nadu,"Financial Year (Apr - Mar), 2019",9017,2.7,99.6
India,Telangana,"Financial Year (Apr - Mar), 2019",3226,0.2,98.6
India,Tripura,"Financial Year (Apr - Mar), 2019",1775,3.8,86.9
India,Uttar Pradesh,"Financial Year (Apr - Mar), 2019",4328,5.9,83.3
India,Uttarakhand,"Financial Year (Apr - Mar), 2019",225,9.3,97.2
India,West Bengal,"Financial Year (Apr - Mar), 2019",3354,4.2,91.6
India,Andaman and Nicobar Islands,"Financial Year (Apr - Mar), 2018",1057,16.7,73
India,Andhra Pradesh,"Financial Year (Apr - Mar), 2018",10041,1.3,98.4
India,Arunachal Pradesh,"Financial Year (Apr - Mar), 2018",-39,49.3,9.1
India,Assam,"Financial Year (Apr - Mar), 2018",1141,7.2,62.4
India,Bihar,"Financial Year (Apr - Mar), 2018",4731,4.8,96
India,Chandigarh,"Financial Year (Apr - Mar), 2018",394,5.7,81.9
India,Chhattisgarh,"Financial Year (Apr - Mar), 2018",899,3.2,69.1
India,Delhi,"Financial Year (Apr - Mar), 2018",2225,1.6,85.8
India,Goa,"Financial Year (Apr - Mar), 2018",3462,8.6,86.4
India,Gujarat,"Financial Year (Apr - Mar), 2018",4294,2,96.7
India,Haryana,"Financial Year (Apr - Mar), 2018",3188,0,100
India,Himachal Pradesh,"Financial Year (Apr - Mar), 2018",4109,9.2,54.5
India,Jammu and Kashmir,"Financial Year (Apr - Mar), 2018",134.9815067,4.4,34
India,Jharkhand,"Financial Year (Apr - Mar), 2018",-9673,52.4,40.4
India,Karnataka,"Financial Year (Apr - Mar), 2018",5000,4.3,98.3
India,Kerala,"Financial Year (Apr - Mar), 2018",22488,3.2,96.2
India,Ladakh,"Financial Year (Apr - Mar), 2018",3.018493313,4.4,34
India,Madhya Pradesh,"Financial Year (Apr - Mar), 2018",2124,6.3,92
India,Maharashtra,"Financial Year (Apr - Mar), 2018",25135,8.1,82
India,Manipur,"Financial Year (Apr - Mar), 2018",65,32.6,6.1
India,Meghalaya,"Financial Year (Apr - Mar), 2018",1025,8.6,31.6
India,Mizoram,"Financial Year (Apr - Mar), 2018",960,8.8,40.6
India,Nagaland,"Financial Year (Apr - Mar), 2018",915,13.1,57.3
India,Odisha,"Financial Year (Apr - Mar), 2018",9281,1.6,98.1
India,Puducherry,"Financial Year (Apr - Mar), 2018",-4980,20.3,87.1
India,Punjab,"Financial Year (Apr - Mar), 2018",1777,1.1,99.6
India,Rajasthan,"Financial Year (Apr - Mar), 2018",5337,0.2,90.3
India,Sikkim,"Financial Year (Apr - Mar), 2018",672,3.5,10.1
India,Tamil Nadu,"Financial Year (Apr - Mar), 2018",8605,2.1,99.7
India,Telangana,"Financial Year (Apr - Mar), 2018",4532,0.2,95.5
India,Tripura,"Financial Year (Apr - Mar), 2018",1559,3.5,81
India,Uttar Pradesh,"Financial Year (Apr - Mar), 2018",4202,8,94.9
India,Uttarakhand,"Financial Year (Apr - Mar), 2018",1309,4,98.6
India,West Bengal,"Financial Year (Apr - Mar), 2018",638,5.1,89.1
India,Andaman and Nicobar Islands,"Financial Year (Apr - Mar), 2017",449,18.4,67.2
India,Andhra Pradesh,"Financial Year (Apr - Mar), 2017",8203,1.6,98.4
India,Arunachal Pradesh,"Financial Year (Apr - Mar), 2017",28,55.8,7.7
India,Assam,"Financial Year (Apr - Mar), 2017",-735,10.4,41.4
India,Bihar,"Financial Year (Apr - Mar), 2017",3963,3.9,93.3
India,Chandigarh,"Financial Year (Apr - Mar), 2017",557,5.7,81.9
India,Chhattisgarh,"Financial Year (Apr - Mar), 2017",4466,3.1,77.2
India,Delhi,"Financial Year (Apr - Mar), 2017",2214,1.8,95.7
India,Goa,"Financial Year (Apr - Mar), 2017",1089,8,88.6
India,Gujarat,"Financial Year (Apr - Mar), 2017",4554,2.2,97
India,Haryana,"Financial Year (Apr - Mar), 2017",3565,0.1,100
India,Himachal Pradesh,"Financial Year (Apr - Mar), 2017",4979,8,48.8
India,Jammu and Kashmir,"Financial Year (Apr - Mar), 2017",367.7756994,4.8,72.5
India,Jharkhand,"Financial Year (Apr - Mar), 2017",47,41.5,82.5
India,Karnataka,"Financial Year (Apr - Mar), 2017",3425,4.4,96.8
India,Kerala,"Financial Year (Apr - Mar), 2017",10035,5.9,93
India,Ladakh,"Financial Year (Apr - Mar), 2017",8.224300622,4.8,72.5
India,Madhya Pradesh,"Financial Year (Apr - Mar), 2017",6352,4.9,89.7
India,Maharashtra,"Financial Year (Apr - Mar), 2017",20146,9.9,83.6
India,Manipur,"Financial Year (Apr - Mar), 2017",1,83.3,3.9
India,Meghalaya,"Financial Year (Apr - Mar), 2017",945,9.2,19.3
India,Mizoram,"Financial Year (Apr - Mar), 2017",631,9.7,62.3
India,Nagaland,"Financial Year (Apr - Mar), 2017",860,14.4,58.6
India,Odisha,"Financial Year (Apr - Mar), 2017",1984,1.7,98.1
India,Puducherry,"Financial Year (Apr - Mar), 2017",52,17.8,93.2
India,Punjab,"Financial Year (Apr - Mar), 2017",2518,1,99.7
India,Rajasthan,"Financial Year (Apr - Mar), 2017",2563,0.2,99.8
India,Sikkim,"Financial Year (Apr - Mar), 2017",483,5,38.1
India,Tamil Nadu,"Financial Year (Apr - Mar), 2017",8277,3.4,98.8
India,Telangana,"Financial Year (Apr - Mar), 2017",4099,0.2,99.8
India,Tripura,"Financial Year (Apr - Mar), 2017",1385,3.2,81.6
India,Uttar Pradesh,"Financial Year (Apr - Mar), 2017",4091,8.5,95.7
India,Uttarakhand,"Financial Year (Apr - Mar), 2017",1270,4.9,96.4
India,West Bengal,"Financial Year (Apr - Mar), 2017",124,5.2,86.9
India,Andaman and Nicobar Islands,"Financial Year (Apr - Mar), 2016",390,18.3,61.2
India,Andhra Pradesh,"Financial Year (Apr - Mar), 2016",6860,1.8,98.7
India,Arunachal Pradesh,"Financial Year (Apr - Mar), 2016",20,50.2,22.2
India,Assam,"Financial Year (Apr - Mar), 2016",1550,10.7,51.4
India,Bihar,"Financial Year (Apr - Mar), 2016",3620,4.5,76.1
India,Chandigarh,"Financial Year (Apr - Mar), 2016",290,4.4,82.7
India,Chhattisgarh,"Financial Year (Apr - Mar), 2016",1490,3.2,80.6
India,Delhi,"Financial Year (Apr - Mar), 2016",1990,2.9,95.5
India,Goa,"Financial Year (Apr - Mar), 2016",-1490,9,83.2
India,Gujarat,"Financial Year (Apr - Mar), 2016",4060,2,97.8
India,Haryana,"Financial Year (Apr - Mar), 2016",3200,0.1,94
India,Himachal Pradesh,"Financial Year (Apr - Mar), 2016",9320,5.7,60.3
India,Jammu and Kashmir,"Financial Year (Apr - Mar), 2016",420.5945498,10,64.8
India,Jharkhand,"Financial Year (Apr - Mar), 2016",-320,24.4,20.5
India,Karnataka,"Financial Year (Apr - Mar), 2016",3300,2.2,97.4
India,Kerala,"Financial Year (Apr - Mar), 2016",8950,8.4,83.5
India,Ladakh,"Financial Year (Apr - Mar), 2016",9.405450179,10,64.8
India,Madhya Pradesh,"Financial Year (Apr - Mar), 2016",2980,4.8,93.9
India,Maharashtra,"Financial Year (Apr - Mar), 2016",24530,8,79.2
India,Manipur,"Financial Year (Apr - Mar), 2016",20,91.6,7.3
India,Meghalaya,"Financial Year (Apr - Mar), 2016",810,9.3,28.1
India,Mizoram,"Financial Year (Apr - Mar), 2016",670,9.8,52.9
India,Nagaland,"Financial Year (Apr - Mar), 2016",840,15.5,66.9
India,Odisha,"Financial Year (Apr - Mar), 2016",1770,2.1,97.9
India,Puducherry,"Financial Year (Apr - Mar), 2016",80,5.4,36.7
India,Punjab,"Financial Year (Apr - Mar), 2016",3150,0.9,99.7
India,Rajasthan,"Financial Year (Apr - Mar), 2016",4180,1.1,99.7
India,Sikkim,"Financial Year (Apr - Mar), 2016",220,6.1,79
India,Tamil Nadu,"Financial Year (Apr - Mar), 2016",4370,1.3,99.6
India,Telangana,"Financial Year (Apr - Mar), 2016",2660,0.4,77.1
India,Tripura,"Financial Year (Apr - Mar), 2016",1200,3.2,81.5
India,Uttar Pradesh,"Financial Year (Apr - Mar), 2016",3280,5.7,95.5
India,Uttarakhand,"Financial Year (Apr - Mar), 2016",710,2.5,97.4
India,West Bengal,"Financial Year (Apr - Mar), 2016",120,5.1,84.5
India,Andaman and Nicobar Islands,"Financial Year (Apr - Mar), 2015",510,21.9,64.1
India,Andhra Pradesh,"Financial Year (Apr - Mar), 2015",3310,0.4,91.1
India,Arunachal Pradesh,"Financial Year (Apr - Mar), 2015",20,67.2,0
India,Assam,"Financial Year (Apr - Mar), 2015",270,11.1,37.4
India,Bihar,"Financial Year (Apr - Mar), 2015",3600,10.3,37
India,Chandigarh,"Financial Year (Apr - Mar), 2015",430,4,77.1
India,Chhattisgarh,"Financial Year (Apr - Mar), 2015",2150,3.8,85.7
India,Delhi,"Financial Year (Apr - Mar), 2015",-1260,5.3,93.9
India,Goa,"Financial Year (Apr - Mar), 2015",-760,9.5,89.2
India,Gujarat,"Financial Year (Apr - Mar), 2015",1810,2.5,98.5
India,Haryana,"Financial Year (Apr - Mar), 2015",2380,0,99.5
India,Himachal Pradesh,"Financial Year (Apr - Mar), 2015",5390,6.6,80.9
India,Jammu and Kashmir,"Financial Year (Apr - Mar), 2015",254.3129836,19.1,55.6
India,Jharkhand,"Financial Year (Apr - Mar), 2015",-510,28.2,16.2
India,Karnataka,"Financial Year (Apr - Mar), 2015",3150,3.3,96.5
India,Kerala,"Financial Year (Apr - Mar), 2015",1280,15.6,84.7
India,Ladakh,"Financial Year (Apr - Mar), 2015",5.687016387,19.1,55.6
India,Madhya Pradesh,"Financial Year (Apr - Mar), 2015",5610,4.2,95.1
India,Maharashtra,"Financial Year (Apr - Mar), 2015",24290,9.3,82.8
India,Manipur,"Financial Year (Apr - Mar), 2015",-7360,90.5,11.5
India,Meghalaya,"Financial Year (Apr - Mar), 2015",250,7.8,32.8
India,Mizoram,"Financial Year (Apr - Mar), 2015",880,10.9,78.8
India,Nagaland,"Financial Year (Apr - Mar), 2015",220,13.5,71.1
India,Odisha,"Financial Year (Apr - Mar), 2015",1670,2.4,88.2
India,Puducherry,"Financial Year (Apr - Mar), 2015",-1510,5.9,85.4
India,Punjab,"Financial Year (Apr - Mar), 2015",1250,0.9,99.6
India,Rajasthan,"Financial Year (Apr - Mar), 2015",2190,0.3,99.5
India,Sikkim,"Financial Year (Apr - Mar), 2015",210,4.2,83.6
India,Tamil Nadu,"Financial Year (Apr - Mar), 2015",4330,3.1,98.8
India,Telangana,"Financial Year (Apr - Mar), 2015",2780,0,82.8
India,Tripura,"Financial Year (Apr - Mar), 2015",440,3.5,80.2
India,Uttar Pradesh,"Financial Year (Apr - Mar), 2015",2010,4.2,96.6
India,Uttarakhand,"Financial Year (Apr - Mar), 2015",700,2.5,97.7
India,West Bengal,"Financial Year (Apr - Mar), 2015",60,7.3,84.5
India,Andaman and Nicobar Islands,"Financial Year (Apr - Mar), 2014",440,21.7,57.6
India,Andhra Pradesh,"Financial Year (Apr - Mar), 2014",7750,2.7,95.6
India,Arunachal Pradesh,"Financial Year (Apr - Mar), 2014",50,70.8,10.3
India,Assam,"Financial Year (Apr - Mar), 2014",770,11.2,22.9
India,Bihar,"Financial Year (Apr - Mar), 2014",3940,12.2,64.7
India,Chandigarh,"Financial Year (Apr - Mar), 2014",500,4.2,72.7
India,Chhattisgarh,"Financial Year (Apr - Mar), 2014",1990,4.4,94.5
India,Delhi,"Financial Year (Apr - Mar), 2014",780,0.1,91.5
India,Goa,"Financial Year (Apr - Mar), 2014",-810,11.3,74.2
India,Gujarat,"Financial Year (Apr - Mar), 2014",4460,2.4,98.5
India,Haryana,"Financial Year (Apr - Mar), 2014",1620,8.6,99.9
India,Himachal Pradesh,"Financial Year (Apr - Mar), 2014",5990,19.6,78.7
India,Jammu and Kashmir,"Financial Year (Apr - Mar), 2014",244.531715,6.4,55.8
India,Jharkhand,"Financial Year (Apr - Mar), 2014",-450,35.3,6.3
India,Karnataka,"Financial Year (Apr - Mar), 2014",3030,3.8,97.9
India,Kerala,"Financial Year (Apr - Mar), 2014",4650,16,86
India,Ladakh,"Financial Year (Apr - Mar), 2014",5.468284988,6.4,55.8
India,Madhya Pradesh,"Financial Year (Apr - Mar), 2014",7410,1.4,95.2
India,Maharashtra,"Financial Year (Apr - Mar), 2014",41060,11.7,92
India,Manipur,"Financial Year (Apr - Mar), 2014",-640,95.8,13.1
India,Meghalaya,"Financial Year (Apr - Mar), 2014",950,8.2,26.1
India,Mizoram,"Financial Year (Apr - Mar), 2014",390,11.5,50.6
India,Nagaland,"Financial Year (Apr - Mar), 2014",60,16.2,65.2
India,Odisha,"Financial Year (Apr - Mar), 2014",1560,2.9,100
India,Puducherry,"Financial Year (Apr - Mar), 2014",-590,9.8,51.1
India,Punjab,"Financial Year (Apr - Mar), 2014",2130,0.8,97.4
India,Rajasthan,"Financial Year (Apr - Mar), 2014",2630,0.3,99.8
India,Sikkim,"Financial Year (Apr - Mar), 2014",270,5.8,26.9
India,Tamil Nadu,"Financial Year (Apr - Mar), 2014",4140,4.7,93.2
India,Telangana,"Financial Year (Apr - Mar), 2014",,,
India,Tripura,"Financial Year (Apr - Mar), 2014",2800,3.5,84.6
India,Uttar Pradesh,"Financial Year (Apr - Mar), 2014",4040,4.8,95.2
India,Uttarakhand,"Financial Year (Apr - Mar), 2014",920,2.9,94.8
India,West Bengal,"Financial Year (Apr - Mar), 2014",6110,7.9,62.3
India,Andaman and Nicobar Islands,"Financial Year (Apr - Mar), 2011",260,19.2,70.4
India,Andhra Pradesh,"Financial Year (Apr - Mar), 2011",5407.242537,1,96.8
India,Arunachal Pradesh,"Financial Year (Apr - Mar), 2011",30,84.4,7.7
India,Assam,"Financial Year (Apr - Mar), 2011",2598,20.6,62.9
India,Bihar,"Financial Year (Apr - Mar), 2011",637,24.2,72.1
India,Chandigarh,"Financial Year (Apr - Mar), 2011",318,13.9,66.6
India,Chhattisgarh,"Financial Year (Apr - Mar), 2011",1002,4.7,92.7
India,Delhi,"Financial Year (Apr - Mar), 2011",3024,7,90.4
India,Goa,"Financial Year (Apr - Mar), 2011",99,14.8,87.4
India,Gujarat,"Financial Year (Apr - Mar), 2011",1371,2.1,99.1
India,Haryana,"Financial Year (Apr - Mar), 2011",501,0,99.9
India,Himachal Pradesh,"Financial Year (Apr - Mar), 2011",4142,12.6,71.9
India,Jammu and Kashmir,"Financial Year (Apr - Mar), 2011",20.54066406,26.3,52.5
India,Karnataka,"Financial Year (Apr - Mar), 2011",2900,4.9,97.7
India,Kerala,"Financial Year (Apr - Mar), 2011",-10116,12.7,85.1
India,Ladakh,"Financial Year (Apr - Mar), 2011",0.459335939,26.3,52.5
India,Madhya Pradesh,"Financial Year (Apr - Mar), 2011",6399,1.5,97.4
India,Maharashtra,"Financial Year (Apr - Mar), 2011",17539,21.2,83.8
India,Manipur,"Financial Year (Apr - Mar), 2011",46,69.1,19.6
India,Meghalaya,"Financial Year (Apr - Mar), 2011",1118,13.3,22.1
India,Mizoram,"Financial Year (Apr - Mar), 2011",222,14.4,63.7
India,Nagaland,"Financial Year (Apr - Mar), 2011",299,26,68.7
India,Odisha,"Financial Year (Apr - Mar), 2011",1102,5.8,97.1
India,Puducherry,"Financial Year (Apr - Mar), 2011",-661,12.9,92.4
India,Punjab,"Financial Year (Apr - Mar), 2011",2718,0.9,99.4
India,Rajasthan,"Financial Year (Apr - Mar), 2011",1958,0.8,97
India,Sikkim,"Financial Year (Apr - Mar), 2011",285,5,73
India,Tamil Nadu,"Financial Year (Apr - Mar), 2011",6030,3.3,98.3
India,Telangana,"Financial Year (Apr - Mar), 2011",3817.757463,1,96.8
India,Tripura,"Financial Year (Apr - Mar), 2011",1993,18.1,65.7
India,Uttar Pradesh,"Financial Year (Apr - Mar), 2011",3002,6.2,93.2
India,Uttarakhand,"Financial Year (Apr - Mar), 2011",276,4.9,97.2
India,West Bengal,"Financial Year (Apr - Mar), 2011",-5987,0,93.2
India,Andaman and Nicobar Islands,"Financial Year (Apr - Mar), 2010",240,9.4,92.1
India,Andhra Pradesh,"Financial Year (Apr - Mar), 2010",6549.650743,2.7,95.6
India,Arunachal Pradesh,"Financial Year (Apr - Mar), 2010",893,65,7.7
India,Assam,"Financial Year (Apr - Mar), 2010",4566,34.6,64.3
India,Bihar,"Financial Year (Apr - Mar), 2010",637,24.2,72.1
India,Chandigarh,"Financial Year (Apr - Mar), 2010",365,14.4,62.2
India,Chhattisgarh,"Financial Year (Apr - Mar), 2010",669,7.8,93
India,Delhi,"Financial Year (Apr - Mar), 2010",2691,7.6,91.2
India,Goa,"Financial Year (Apr - Mar), 2010",101,8.2,87.4
India,Gujarat,"Financial Year (Apr - Mar), 2010",1371,9,87.8
India,Haryana,"Financial Year (Apr - Mar), 2010",501,0.1,99.9
India,Himachal Pradesh,"Financial Year (Apr - Mar), 2010",5585,12.4,67
India,Jammu and Kashmir,"Financial Year (Apr - Mar), 2010",20.54066406,26.3,52.5
India,Karnataka,"Financial Year (Apr - Mar), 2010",925,4.1,97.5
India,Kerala,"Financial Year (Apr - Mar), 2010",-6552,15.3,85.8
India,Ladakh,"Financial Year (Apr - Mar), 2010",0.459335939,26.3,52.5
India,Madhya Pradesh,"Financial Year (Apr - Mar), 2010",4034,3.2,97.3
India,Maharashtra,"Financial Year (Apr - Mar), 2010",287,23.5,70.6
India,Manipur,"Financial Year (Apr - Mar), 2010",46,69.1,19.6
India,Meghalaya,"Financial Year (Apr - Mar), 2010",2210,13.3,28.3
India,Mizoram,"Financial Year (Apr - Mar), 2010",222,15.5,75.3
India,Nagaland,"Financial Year (Apr - Mar), 2010",62,35.3,66
India,Odisha,"Financial Year (Apr - Mar), 2010",1075,5.1,96.8
India,Puducherry,"Financial Year (Apr - Mar), 2010",39,13.7,92.4
India,Punjab,"Financial Year (Apr - Mar), 2010",2576,1.1,99.3
India,Rajasthan,"Financial Year (Apr - Mar), 2010",2447,1.1,98.4
India,Sikkim,"Financial Year (Apr - Mar), 2010",155,7,62.2
India,Tamil Nadu,"Financial Year (Apr - Mar), 2010",4069,2.7,99.4
India,Telangana,"Financial Year (Apr - Mar), 2010",4624.349257,2.7,95.6
India,Tripura,"Financial Year (Apr - Mar), 2010",1993,18.1,65.7
India,Uttar Pradesh,"Financial Year (Apr - Mar), 2010",2112,7.8,91.9
India,Uttarakhand,"Financial Year (Apr - Mar), 2010",275,12.4,97.4
India,West Bengal,"Financial Year (Apr - Mar), 2010",1452,4,91.1
India,Andaman and Nicobar Islands,"Financial Year (Apr - Mar), 2009",209,20,59.2
India,Andhra Pradesh,"Financial Year (Apr - Mar), 2009",8013.855822,1,88.9
India,Arunachal Pradesh,"Financial Year (Apr - Mar), 2009",893,99.9,14.4
India,Assam,"Financial Year (Apr - Mar), 2009",644,34.6,64.3
India,Bihar,"Financial Year (Apr - Mar), 2009",637,24.2,72.1
India,Chandigarh,"Financial Year (Apr - Mar), 2009",332,15.6,60.9
India,Chhattisgarh,"Financial Year (Apr - Mar), 2009",498,10.1,80
India,Delhi,"Financial Year (Apr - Mar), 2009",2567,9.3,89
India,Goa,"Financial Year (Apr - Mar), 2009",93,10.9,80.7
India,Gujarat,"Financial Year (Apr - Mar), 2009",6026,10.2,87.2
India,Haryana,"Financial Year (Apr - Mar), 2009",-1399,0.1,99.9
India,Himachal Pradesh,"Financial Year (Apr - Mar), 2009",3553,13.2,80
India,Jammu and Kashmir,"Financial Year (Apr - Mar), 2009",1.95625372,19.1,58.3
India,Karnataka,"Financial Year (Apr - Mar), 2009",925,4.3,97.6
India,Kerala,"Financial Year (Apr - Mar), 2009",-19407,19.1,81.8
India,Ladakh,"Financial Year (Apr - Mar), 2009",0.04374628,19.1,58.3
India,Madhya Pradesh,"Financial Year (Apr - Mar), 2009",1811,2.4,96.9
India,Maharashtra,"Financial Year (Apr - Mar), 2009",287,20.9,79.6
India,Manipur,"Financial Year (Apr - Mar), 2009",73,69.1,19.6
India,Meghalaya,"Financial Year (Apr - Mar), 2009",1938,15,20.1
India,Mizoram,"Financial Year (Apr - Mar), 2009",214,15.5,75.3
India,Nagaland,"Financial Year (Apr - Mar), 2009",51,41.9,67.1
India,Odisha,"Financial Year (Apr - Mar), 2009",1034,4.6,96.7
India,Puducherry,"Financial Year (Apr - Mar), 2009",31,6.2,92
India,Punjab,"Financial Year (Apr - Mar), 2009",757,1.2,99.2
India,Rajasthan,"Financial Year (Apr - Mar), 2009",1317,1.8,97.1
India,Sikkim,"Financial Year (Apr - Mar), 2009",155,7,62.2
India,Tamil Nadu,"Financial Year (Apr - Mar), 2009",1880,3.6,99.8
India,Telangana,"Financial Year (Apr - Mar), 2009",5658.144178,1,88.9
India,Tripura,"Financial Year (Apr - Mar), 2009",1993,18.1,65.7
India,Uttar Pradesh,"Financial Year (Apr - Mar), 2009",2036,10.3,90.2
India,Uttarakhand,"Financial Year (Apr - Mar), 2009",210,12.4,97.4
India,West Bengal,"Financial Year (Apr - Mar), 2009",1452,4,91.1
